continuous,categorical,y
0,a,
0.13,b,4.03933455
0.26,c,7.35078495
0.39,d,6.07268847
0.52,a,10.9838459
0.65,b,2.79119301
0.78,c,
0.91,d,13.1187622
0.04,a,11.1443803
0.17,b,4.11142686
0.3,c,7.48442327