continuous,categorical,y
0.43,d,-2.5457937
0.56,a,0.97844126
0.69,b,-2.6790634
0.82,c,0.12185794
0.95,d,8.65165692
0.08,a,-4.3171581
0.21,b,-5.6726722
0.34,c,-2.8499361
0.47,d,-1.9646047
0.6,a,0.9252811
0.73,b,-3.0289906
0.86,c,2.53376688
0.99,d,10.659173
0.12,a,-4.250032
0.25,b,-5.1051839
0.38,c,-2.4291775
0.51,d,-1.420818
0.64,a,0.53198412
0.77,b,-2.7654631
0.9,c,5.60597517
0.03,d,-5.9082913
0.16,a,-3.8721903
0.29,b,-4.6167945
0.42,c,-1.9334029
0.55,d,-1.0644013